recipe_id,user_token_id,star_count,category_value,recipe_view_count,values
0,105319262119597860909,0,0.0,0.0,0.0
1000004,2771733400,0,0.02681992337164751,0.125,0.8931992337164751
1000078,2771733400,0,0.02681992337164751,0.125,0.8931992337164751
1002023,2771733400,0,0.02681992337164751,0.125,0.8931992337164751
1002341,2771733400,0,0.02681992337164751,0.125,0.8931992337164751
1002465,2771733400,0,0.02681992337164751,0.125,0.8931992337164751
0,2947093440,0,0.0,0.0,0.0
1000004,3001319108,0,0.042692939244663386,0.125,1.0519293924466337
1000006,3001319108,0,0.042692939244663386,0.875,4.801929392446634
1000078,3001319108,0,0.042692939244663386,0.625,3.5519293924466337
1001640,3001319108,0,0.042692939244663386,0.0,0.42692939244663386
1002045,3001319108,0,0.042692939244663386,0.0,0.42692939244663386
1002047,3001319108,0,0.042692939244663386,0.0,0.42692939244663386
1002259,3001319108,0,0.042692939244663386,0.0,0.42692939244663386
1002465,3001319108,0,0.042692939244663386,0.0,0.42692939244663386
1002477,3001319108,0,0.042692939244663386,0.0,0.42692939244663386
1002490,3001319108,0,0.042692939244663386,0.0,0.42692939244663386
1002491,3001319108,0,0.042692939244663386,0.0,0.42692939244663386
1002492,3001319108,0,0.042692939244663386,1.0,5.426929392446634
1000004,abbbb,0,0.011494252873563218,0.25,1.3649425287356323
1000036,abbbb,0,0.011494252873563218,0.0,0.11494252873563218
1001506,abbbb,0,0.011494252873563218,0.0,0.11494252873563218
1001525,abbbb,0,0.011494252873563218,0.0,0.11494252873563218
0,abc123,0,0.0,0.0,0.0
0,abcde123,0,0.0,0.0,0.0
0,HsLS6n6BpDR7R6kZ4vIEpIf5VZN4WNkK6JFIfU08uuY,0,0.0,0.0,0.0
1000004,te-FuhT0cuHOVAxAilVarQ7pt6WOkfX27xEl0sxuOAo,0,0.011494252873563218,0.0,0.11494252873563218
1000074,te-FuhT0cuHOVAxAilVarQ7pt6WOkfX27xEl0sxuOAo,0,0.011494252873563218,0.125,0.7399425287356322
1000078,te-FuhT0cuHOVAxAilVarQ7pt6WOkfX27xEl0sxuOAo,0,0.011494252873563218,0.0,0.11494252873563218
1002047,te-FuhT0cuHOVAxAilVarQ7pt6WOkfX27xEl0sxuOAo,0,0.011494252873563218,0.0,0.11494252873563218
1002471,te-FuhT0cuHOVAxAilVarQ7pt6WOkfX27xEl0sxuOAo,0,0.011494252873563218,0.125,0.7399425287356322
1002476,te-FuhT0cuHOVAxAilVarQ7pt6WOkfX27xEl0sxuOAo,0,0.011494252873563218,0.0,0.11494252873563218
1002491,te-FuhT0cuHOVAxAilVarQ7pt6WOkfX27xEl0sxuOAo,0,0.011494252873563218,0.0,0.11494252873563218
1002492,te-FuhT0cuHOVAxAilVarQ7pt6WOkfX27xEl0sxuOAo,0,0.011494252873563218,0.0,0.11494252873563218
1002496,te-FuhT0cuHOVAxAilVarQ7pt6WOkfX27xEl0sxuOAo,0,0.011494252873563218,0.125,0.7399425287356322
1000033,test-d50-k30-w20,0,0.3716475095785441,0.0,3.716475095785441
1000082,test-d50-k30-w20,0,0.3716475095785441,0.0,3.716475095785441
1000789,test-d50-k30-w20,0,0.3716475095785441,0.0,3.716475095785441
1000796,test-d50-k30-w20,0,0.3716475095785441,0.0,3.716475095785441
1000811,test-d50-k30-w20,0,0.3716475095785441,0.0,3.716475095785441
1000815,test-d50-k30-w20,0,0.3716475095785441,0.0,3.716475095785441
1000876,test-d50-k30-w20,0,0.3716475095785441,0.0,3.716475095785441
1000879,test-d50-k30-w20,0,0.3716475095785441,0.0,3.716475095785441
1000995,test-d50-k30-w20,0,0.3716475095785441,0.0,3.716475095785441
1001000,test-d50-k30-w20,0,0.3716475095785441,0.0,3.716475095785441
1001012,test-d50-k30-w20,0,0.3716475095785441,0.0,3.716475095785441
1001024,test-d50-k30-w20,0,0.3716475095785441,0.0,3.716475095785441
1001108,test-d50-k30-w20,0,0.3716475095785441,0.0,3.716475095785441
1001115,test-d50-k30-w20,0,0.3716475095785441,0.0,3.716475095785441
1001208,test-d50-k30-w20,0,0.3716475095785441,0.0,3.716475095785441
1001269,test-d50-k30-w20,0,0.3716475095785441,0.0,3.716475095785441
1001318,test-d50-k30-w20,0,0.3716475095785441,0.0,3.716475095785441
1001324,test-d50-k30-w20,0,0.3716475095785441,0.0,3.716475095785441
1001326,test-d50-k30-w20,0,0.3716475095785441,0.0,3.716475095785441
1001338,test-d50-k30-w20,0,0.3716475095785441,0.0,3.716475095785441
1001346,test-d50-k30-w20,0,0.3716475095785441,0.0,3.716475095785441
1001443,test-d50-k30-w20,0,0.3716475095785441,0.0,3.716475095785441
1001473,test-d50-k30-w20,0,0.3716475095785441,0.0,3.716475095785441
1001579,test-d50-k30-w20,0,0.3716475095785441,0.0,3.716475095785441
1001586,test-d50-k30-w20,0,0.3716475095785441,0.0,3.716475095785441
1001705,test-d50-k30-w20,0,0.3716475095785441,0.0,3.716475095785441
1001708,test-d50-k30-w20,0,0.3716475095785441,0.0,3.716475095785441
1001719,test-d50-k30-w20,0,0.3716475095785441,0.0,3.716475095785441
1001757,test-d50-k30-w20,0,0.3716475095785441,0.0,3.716475095785441
1001768,test-d50-k30-w20,0,0.3716475095785441,0.0,3.716475095785441
1001770,test-d50-k30-w20,0,0.3716475095785441,0.0,3.716475095785441
1001792,test-d50-k30-w20,0,0.3716475095785441,0.0,3.716475095785441
1001835,test-d50-k30-w20,0,0.3716475095785441,0.0,3.716475095785441
1001890,test-d50-k30-w20,0,0.3716475095785441,0.0,3.716475095785441
1001913,test-d50-k30-w20,0,0.3716475095785441,0.0,3.716475095785441
1001918,test-d50-k30-w20,0,0.3716475095785441,0.0,3.716475095785441
1002021,test-d50-k30-w20,0,0.3716475095785441,0.0,3.716475095785441
1002054,test-d50-k30-w20,0,0.3716475095785441,0.0,3.716475095785441
1002058,test-d50-k30-w20,0,0.3716475095785441,0.0,3.716475095785441
1002069,test-d50-k30-w20,0,0.3716475095785441,0.0,3.716475095785441
1002071,test-d50-k30-w20,0,0.3716475095785441,0.0,3.716475095785441
1002076,test-d50-k30-w20,0,0.3716475095785441,0.0,3.716475095785441
1002089,test-d50-k30-w20,0,0.3716475095785441,0.0,3.716475095785441
1002091,test-d50-k30-w20,0,0.3716475095785441,0.0,3.716475095785441
1002102,test-d50-k30-w20,0,0.3716475095785441,0.0,3.716475095785441
1002109,test-d50-k30-w20,0,0.3716475095785441,0.0,3.716475095785441
1002112,test-d50-k30-w20,0,0.3716475095785441,0.0,3.716475095785441
1002124,test-d50-k30-w20,0,0.3716475095785441,0.0,3.716475095785441
1002131,test-d50-k30-w20,0,0.3716475095785441,0.0,3.716475095785441
1002146,test-d50-k30-w20,0,0.3716475095785441,0.0,3.716475095785441
1002148,test-d50-k30-w20,0,0.3716475095785441,0.0,3.716475095785441
1002149,test-d50-k30-w20,0,0.3716475095785441,0.0,3.716475095785441
1002156,test-d50-k30-w20,0,0.3716475095785441,0.0,3.716475095785441
1002169,test-d50-k30-w20,0,0.3716475095785441,0.0,3.716475095785441
1002171,test-d50-k30-w20,0,0.3716475095785441,0.0,3.716475095785441
1002174,test-d50-k30-w20,0,0.3716475095785441,0.0,3.716475095785441
1002175,test-d50-k30-w20,0,0.3716475095785441,0.0,3.716475095785441
1002184,test-d50-k30-w20,0,0.3716475095785441,0.0,3.716475095785441
1002185,test-d50-k30-w20,0,0.3716475095785441,0.0,3.716475095785441
1002197,test-d50-k30-w20,0,0.3716475095785441,0.0,3.716475095785441
1002199,test-d50-k30-w20,0,0.3716475095785441,0.0,3.716475095785441
1002201,test-d50-k30-w20,0,0.3716475095785441,0.0,3.716475095785441
1002203,test-d50-k30-w20,0,0.3716475095785441,0.0,3.716475095785441
1002208,test-d50-k30-w20,0,0.3716475095785441,0.0,3.716475095785441
1002210,test-d50-k30-w20,0,0.3716475095785441,0.0,3.716475095785441
1002211,test-d50-k30-w20,0,0.3716475095785441,0.0,3.716475095785441
1002212,test-d50-k30-w20,0,0.3716475095785441,0.0,3.716475095785441
1002214,test-d50-k30-w20,0,0.3716475095785441,0.0,3.716475095785441
1002216,test-d50-k30-w20,0,0.3716475095785441,0.0,3.716475095785441
1002218,test-d50-k30-w20,0,0.3716475095785441,0.0,3.716475095785441
1002221,test-d50-k30-w20,0,0.3716475095785441,0.0,3.716475095785441
1002229,test-d50-k30-w20,0,0.3716475095785441,0.0,3.716475095785441
1002234,test-d50-k30-w20,0,0.3716475095785441,0.0,3.716475095785441
1002238,test-d50-k30-w20,0,0.3716475095785441,0.0,3.716475095785441
1002245,test-d50-k30-w20,0,0.3716475095785441,0.0,3.716475095785441
1002252,test-d50-k30-w20,0,0.3716475095785441,0.0,3.716475095785441
1002254,test-d50-k30-w20,0,0.3716475095785441,0.0,3.716475095785441
1002266,test-d50-k30-w20,0,0.3716475095785441,0.0,3.716475095785441
1002273,test-d50-k30-w20,0,0.3716475095785441,0.0,3.716475095785441
1002277,test-d50-k30-w20,0,0.3716475095785441,0.0,3.716475095785441
1002278,test-d50-k30-w20,0,0.3716475095785441,0.0,3.716475095785441
1002283,test-d50-k30-w20,0,0.3716475095785441,0.0,3.716475095785441
1002285,test-d50-k30-w20,0,0.3716475095785441,0.0,3.716475095785441
1002300,test-d50-k30-w20,0,0.3716475095785441,0.0,3.716475095785441
1002303,test-d50-k30-w20,0,0.3716475095785441,0.0,3.716475095785441
1002305,test-d50-k30-w20,0,0.3716475095785441,0.0,3.716475095785441
1002312,test-d50-k30-w20,0,0.3716475095785441,0.0,3.716475095785441
1002317,test-d50-k30-w20,0,0.3716475095785441,0.0,3.716475095785441
1002319,test-d50-k30-w20,0,0.3716475095785441,0.0,3.716475095785441
1002323,test-d50-k30-w20,0,0.3716475095785441,0.0,3.716475095785441
1002327,test-d50-k30-w20,0,0.3716475095785441,0.0,3.716475095785441
1002331,test-d50-k30-w20,0,0.3716475095785441,0.0,3.716475095785441
1002334,test-d50-k30-w20,0,0.3716475095785441,0.0,3.716475095785441
1002336,test-d50-k30-w20,0,0.3716475095785441,0.0,3.716475095785441
1002337,test-d50-k30-w20,0,0.3716475095785441,0.0,3.716475095785441
1002338,test-d50-k30-w20,0,0.3716475095785441,0.0,3.716475095785441
1002339,test-d50-k30-w20,0,0.3716475095785441,0.0,3.716475095785441
1002340,test-d50-k30-w20,0,0.3716475095785441,0.0,3.716475095785441
1002344,test-d50-k30-w20,0,0.3716475095785441,0.0,3.716475095785441
1002389,test-d50-k30-w20,0,0.3716475095785441,0.0,3.716475095785441
1000875,test-d70-w30,0,0.5632183908045977,0.0,5.632183908045977
1001021,test-d70-w30,0,0.5632183908045977,0.0,5.632183908045977
1001383,test-d70-w30,0,0.5632183908045977,0.0,5.632183908045977
1001495,test-d70-w30,0,0.5632183908045977,0.0,5.632183908045977
1001584,test-d70-w30,0,0.5632183908045977,0.0,5.632183908045977
1001589,test-d70-w30,0,0.5632183908045977,0.0,5.632183908045977
1001605,test-d70-w30,0,0.5632183908045977,0.0,5.632183908045977
1001796,test-d70-w30,0,0.5632183908045977,0.0,5.632183908045977
1001886,test-d70-w30,0,0.5632183908045977,0.0,5.632183908045977
1001893,test-d70-w30,0,0.5632183908045977,0.0,5.632183908045977
1001907,test-d70-w30,0,0.5632183908045977,0.0,5.632183908045977
1001919,test-d70-w30,0,0.5632183908045977,0.0,5.632183908045977
1002054,test-d70-w30,0,0.5632183908045977,0.0,5.632183908045977
1002056,test-d70-w30,0,0.5632183908045977,0.0,5.632183908045977
1002057,test-d70-w30,0,0.5632183908045977,0.0,5.632183908045977
1002061,test-d70-w30,0,0.5632183908045977,0.0,5.632183908045977
1002066,test-d70-w30,0,0.5632183908045977,0.0,5.632183908045977
1002067,test-d70-w30,0,0.5632183908045977,0.0,5.632183908045977
1002086,test-d70-w30,0,0.5632183908045977,0.0,5.632183908045977
1002087,test-d70-w30,0,0.5632183908045977,0.0,5.632183908045977
1002092,test-d70-w30,0,0.5632183908045977,0.0,5.632183908045977
1002104,test-d70-w30,0,0.5632183908045977,0.0,5.632183908045977
1002105,test-d70-w30,0,0.5632183908045977,0.0,5.632183908045977
1002106,test-d70-w30,0,0.5632183908045977,0.0,5.632183908045977
1002111,test-d70-w30,0,0.5632183908045977,0.0,5.632183908045977
1002120,test-d70-w30,0,0.5632183908045977,0.0,5.632183908045977
1002135,test-d70-w30,0,0.5632183908045977,0.0,5.632183908045977
1002136,test-d70-w30,0,0.5632183908045977,0.0,5.632183908045977
1002140,test-d70-w30,0,0.5632183908045977,0.0,5.632183908045977
1002143,test-d70-w30,0,0.5632183908045977,0.0,5.632183908045977
1002147,test-d70-w30,0,0.5632183908045977,0.0,5.632183908045977
1002150,test-d70-w30,0,0.5632183908045977,0.0,5.632183908045977
1002156,test-d70-w30,0,0.5632183908045977,0.0,5.632183908045977
1002157,test-d70-w30,0,0.5632183908045977,0.0,5.632183908045977
1002158,test-d70-w30,0,0.5632183908045977,0.0,5.632183908045977
1002164,test-d70-w30,0,0.5632183908045977,0.0,5.632183908045977
1002169,test-d70-w30,0,0.5632183908045977,0.0,5.632183908045977
1002170,test-d70-w30,0,0.5632183908045977,0.0,5.632183908045977
1002174,test-d70-w30,0,0.5632183908045977,0.125,6.257183908045977
1002177,test-d70-w30,0,0.5632183908045977,0.0,5.632183908045977
1002180,test-d70-w30,0,0.5632183908045977,0.0,5.632183908045977
1002182,test-d70-w30,0,0.5632183908045977,0.0,5.632183908045977
1002183,test-d70-w30,0,0.5632183908045977,0.0,5.632183908045977
1002191,test-d70-w30,0,0.5632183908045977,0.0,5.632183908045977
1002192,test-d70-w30,0,0.5632183908045977,0.0,5.632183908045977
1002194,test-d70-w30,0,0.5632183908045977,0.0,5.632183908045977
1002196,test-d70-w30,0,0.5632183908045977,0.0,5.632183908045977
1002197,test-d70-w30,0,0.5632183908045977,0.0,5.632183908045977
1002200,test-d70-w30,0,0.5632183908045977,0.125,6.257183908045977
1002202,test-d70-w30,0,0.5632183908045977,0.0,5.632183908045977
1002205,test-d70-w30,0,0.5632183908045977,0.0,5.632183908045977
1002206,test-d70-w30,0,0.5632183908045977,0.0,5.632183908045977
1002211,test-d70-w30,0,0.5632183908045977,0.0,5.632183908045977
1002212,test-d70-w30,0,0.5632183908045977,0.0,5.632183908045977
1002213,test-d70-w30,0,0.5632183908045977,0.0,5.632183908045977
1002215,test-d70-w30,0,0.5632183908045977,0.0,5.632183908045977
1002217,test-d70-w30,0,0.5632183908045977,0.0,5.632183908045977
1002219,test-d70-w30,0,0.5632183908045977,0.0,5.632183908045977
1002220,test-d70-w30,0,0.5632183908045977,0.0,5.632183908045977
1002222,test-d70-w30,0,0.5632183908045977,0.0,5.632183908045977
1002223,test-d70-w30,0,0.5632183908045977,0.0,5.632183908045977
1002225,test-d70-w30,0,0.5632183908045977,0.0,5.632183908045977
1002226,test-d70-w30,0,0.5632183908045977,0.0,5.632183908045977
1002230,test-d70-w30,0,0.5632183908045977,0.0,5.632183908045977
1002231,test-d70-w30,0,0.5632183908045977,0.0,5.632183908045977
1002234,test-d70-w30,0,0.5632183908045977,0.0,5.632183908045977
1002235,test-d70-w30,0,0.5632183908045977,0.0,5.632183908045977
1002240,test-d70-w30,0,0.5632183908045977,0.0,5.632183908045977
1002266,test-d70-w30,0,0.5632183908045977,0.0,5.632183908045977
1002267,test-d70-w30,0,0.5632183908045977,0.0,5.632183908045977
1002268,test-d70-w30,0,0.5632183908045977,0.0,5.632183908045977
1002271,test-d70-w30,0,0.5632183908045977,0.0,5.632183908045977
1002278,test-d70-w30,0,0.5632183908045977,0.0,5.632183908045977
1002280,test-d70-w30,0,0.5632183908045977,0.0,5.632183908045977
1002283,test-d70-w30,0,0.5632183908045977,0.0,5.632183908045977
1002284,test-d70-w30,0,0.5632183908045977,0.0,5.632183908045977
1002290,test-d70-w30,0,0.5632183908045977,0.0,5.632183908045977
1002293,test-d70-w30,0,0.5632183908045977,0.0,5.632183908045977
1002294,test-d70-w30,0,0.5632183908045977,0.0,5.632183908045977
1002295,test-d70-w30,0,0.5632183908045977,0.0,5.632183908045977
1002299,test-d70-w30,0,0.5632183908045977,0.0,5.632183908045977
1002302,test-d70-w30,0,0.5632183908045977,0.0,5.632183908045977
1002303,test-d70-w30,0,0.5632183908045977,0.0,5.632183908045977
1002307,test-d70-w30,0,0.5632183908045977,0.0,5.632183908045977
1002316,test-d70-w30,0,0.5632183908045977,0.0,5.632183908045977
1002318,test-d70-w30,0,0.5632183908045977,0.0,5.632183908045977
1002322,test-d70-w30,0,0.5632183908045977,0.0,5.632183908045977
1002332,test-d70-w30,0,0.5632183908045977,0.0,5.632183908045977
1002333,test-d70-w30,0,0.5632183908045977,0.0,5.632183908045977
1002336,test-d70-w30,0,0.5632183908045977,0.0,5.632183908045977
1002337,test-d70-w30,0,0.5632183908045977,0.0,5.632183908045977
1002351,test-d70-w30,0,0.5632183908045977,0.0,5.632183908045977
1002356,test-d70-w30,0,0.5632183908045977,0.0,5.632183908045977
1002365,test-d70-w30,0,0.5632183908045977,0.0,5.632183908045977
1002397,test-d70-w30,0,0.5632183908045977,0.0,5.632183908045977
1002450,test-d70-w30,0,0.5632183908045977,0.0,5.632183908045977
1002456,test-d70-w30,0,0.5632183908045977,0.0,5.632183908045977
1002463,test-d70-w30,0,0.5632183908045977,0.0,5.632183908045977
1000008,test-d80-w20-k10,0,0.40996168582375475,0.0,4.099616858237548
1000042,test-d80-w20-k10,0,0.40996168582375475,0.0,4.099616858237548
1000870,test-d80-w20-k10,0,0.40996168582375475,0.0,4.099616858237548
1001248,test-d80-w20-k10,0,0.40996168582375475,0.0,4.099616858237548
1001295,test-d80-w20-k10,0,0.40996168582375475,0.0,4.099616858237548
1001326,test-d80-w20-k10,0,0.40996168582375475,0.0,4.099616858237548
1001338,test-d80-w20-k10,0,0.40996168582375475,0.0,4.099616858237548
1001346,test-d80-w20-k10,0,0.40996168582375475,0.0,4.099616858237548
1001358,test-d80-w20-k10,0,0.40996168582375475,0.0,4.099616858237548
1001363,test-d80-w20-k10,0,0.40996168582375475,0.0,4.099616858237548
1001369,test-d80-w20-k10,0,0.40996168582375475,0.0,4.099616858237548
1001704,test-d80-w20-k10,0,0.40996168582375475,0.0,4.099616858237548
1001782,test-d80-w20-k10,0,0.40996168582375475,0.0,4.099616858237548
1001816,test-d80-w20-k10,0,0.40996168582375475,0.0,4.099616858237548
1001884,test-d80-w20-k10,0,0.40996168582375475,0.0,4.099616858237548
1001893,test-d80-w20-k10,0,0.40996168582375475,0.0,4.099616858237548
1001912,test-d80-w20-k10,0,0.40996168582375475,0.0,4.099616858237548
1001917,test-d80-w20-k10,0,0.40996168582375475,0.0,4.099616858237548
1002057,test-d80-w20-k10,0,0.40996168582375475,0.0,4.099616858237548
1002059,test-d80-w20-k10,0,0.40996168582375475,0.0,4.099616858237548
1002064,test-d80-w20-k10,0,0.40996168582375475,0.0,4.099616858237548
1002065,test-d80-w20-k10,0,0.40996168582375475,0.0,4.099616858237548
1002067,test-d80-w20-k10,0,0.40996168582375475,0.0,4.099616858237548
1002069,test-d80-w20-k10,0,0.40996168582375475,0.0,4.099616858237548
1002071,test-d80-w20-k10,0,0.40996168582375475,0.0,4.099616858237548
1002075,test-d80-w20-k10,0,0.40996168582375475,0.0,4.099616858237548
1002078,test-d80-w20-k10,0,0.40996168582375475,0.0,4.099616858237548
1002079,test-d80-w20-k10,0,0.40996168582375475,0.0,4.099616858237548
1002080,test-d80-w20-k10,0,0.40996168582375475,0.0,4.099616858237548
1002082,test-d80-w20-k10,0,0.40996168582375475,0.0,4.099616858237548
1002083,test-d80-w20-k10,0,0.40996168582375475,0.0,4.099616858237548
1002086,test-d80-w20-k10,0,0.40996168582375475,0.0,4.099616858237548
1002089,test-d80-w20-k10,0,0.40996168582375475,0.0,4.099616858237548
1002090,test-d80-w20-k10,0,0.40996168582375475,0.0,4.099616858237548
1002091,test-d80-w20-k10,0,0.40996168582375475,0.0,4.099616858237548
1002093,test-d80-w20-k10,0,0.40996168582375475,0.0,4.099616858237548
1002098,test-d80-w20-k10,0,0.40996168582375475,0.0,4.099616858237548
1002100,test-d80-w20-k10,0,0.40996168582375475,0.0,4.099616858237548
1002101,test-d80-w20-k10,0,0.40996168582375475,0.0,4.099616858237548
1002102,test-d80-w20-k10,0,0.40996168582375475,0.0,4.099616858237548
1002105,test-d80-w20-k10,0,0.40996168582375475,0.0,4.099616858237548
1002106,test-d80-w20-k10,0,0.40996168582375475,0.0,4.099616858237548
1002108,test-d80-w20-k10,0,0.40996168582375475,0.0,4.099616858237548
1002115,test-d80-w20-k10,0,0.40996168582375475,0.0,4.099616858237548
1002116,test-d80-w20-k10,0,0.40996168582375475,0.0,4.099616858237548
1002117,test-d80-w20-k10,0,0.40996168582375475,0.0,4.099616858237548
1002119,test-d80-w20-k10,0,0.40996168582375475,0.0,4.099616858237548
1002121,test-d80-w20-k10,0,0.40996168582375475,0.0,4.099616858237548
1002127,test-d80-w20-k10,0,0.40996168582375475,0.0,4.099616858237548
1002138,test-d80-w20-k10,0,0.40996168582375475,0.0,4.099616858237548
1002139,test-d80-w20-k10,0,0.40996168582375475,0.0,4.099616858237548
1002143,test-d80-w20-k10,0,0.40996168582375475,0.0,4.099616858237548
1002144,test-d80-w20-k10,0,0.40996168582375475,0.0,4.099616858237548
1002148,test-d80-w20-k10,0,0.40996168582375475,0.0,4.099616858237548
1002155,test-d80-w20-k10,0,0.40996168582375475,0.0,4.099616858237548
1002158,test-d80-w20-k10,0,0.40996168582375475,0.0,4.099616858237548
1002159,test-d80-w20-k10,0,0.40996168582375475,0.0,4.099616858237548
1002163,test-d80-w20-k10,0,0.40996168582375475,0.0,4.099616858237548
1002168,test-d80-w20-k10,0,0.40996168582375475,0.0,4.099616858237548
1002169,test-d80-w20-k10,0,0.40996168582375475,0.0,4.099616858237548
1002171,test-d80-w20-k10,0,0.40996168582375475,0.0,4.099616858237548
1002173,test-d80-w20-k10,0,0.40996168582375475,0.0,4.099616858237548
1002174,test-d80-w20-k10,0,0.40996168582375475,0.0,4.099616858237548
1002175,test-d80-w20-k10,0,0.40996168582375475,0.0,4.099616858237548
1002179,test-d80-w20-k10,0,0.40996168582375475,0.0,4.099616858237548
1002180,test-d80-w20-k10,0,0.40996168582375475,0.0,4.099616858237548
1002185,test-d80-w20-k10,0,0.40996168582375475,0.0,4.099616858237548
1002186,test-d80-w20-k10,0,0.40996168582375475,0.0,4.099616858237548
1002192,test-d80-w20-k10,0,0.40996168582375475,0.0,4.099616858237548
1002195,test-d80-w20-k10,0,0.40996168582375475,0.0,4.099616858237548
1002202,test-d80-w20-k10,0,0.40996168582375475,0.0,4.099616858237548
1002203,test-d80-w20-k10,0,0.40996168582375475,0.0,4.099616858237548
1002205,test-d80-w20-k10,0,0.40996168582375475,0.0,4.099616858237548
1002213,test-d80-w20-k10,0,0.40996168582375475,0.0,4.099616858237548
1002223,test-d80-w20-k10,0,0.40996168582375475,0.0,4.099616858237548
1002224,test-d80-w20-k10,0,0.40996168582375475,0.0,4.099616858237548
1002225,test-d80-w20-k10,0,0.40996168582375475,0.0,4.099616858237548
1002226,test-d80-w20-k10,0,0.40996168582375475,0.0,4.099616858237548
1002232,test-d80-w20-k10,0,0.40996168582375475,0.0,4.099616858237548
1002234,test-d80-w20-k10,0,0.40996168582375475,0.0,4.099616858237548
1002235,test-d80-w20-k10,0,0.40996168582375475,0.0,4.099616858237548
1002237,test-d80-w20-k10,0,0.40996168582375475,0.0,4.099616858237548
1002239,test-d80-w20-k10,0,0.40996168582375475,0.0,4.099616858237548
1002245,test-d80-w20-k10,0,0.40996168582375475,0.0,4.099616858237548
1002249,test-d80-w20-k10,0,0.40996168582375475,0.0,4.099616858237548
1002252,test-d80-w20-k10,0,0.40996168582375475,0.0,4.099616858237548
1002269,test-d80-w20-k10,0,0.40996168582375475,0.0,4.099616858237548
1002274,test-d80-w20-k10,0,0.40996168582375475,0.0,4.099616858237548
1002275,test-d80-w20-k10,0,0.40996168582375475,0.0,4.099616858237548
1002280,test-d80-w20-k10,0,0.40996168582375475,0.0,4.099616858237548
1002282,test-d80-w20-k10,0,0.40996168582375475,0.0,4.099616858237548
1002283,test-d80-w20-k10,0,0.40996168582375475,0.0,4.099616858237548
1002285,test-d80-w20-k10,0,0.40996168582375475,0.0,4.099616858237548
1002287,test-d80-w20-k10,0,0.40996168582375475,0.0,4.099616858237548
1002292,test-d80-w20-k10,0,0.40996168582375475,0.125,4.724616858237548
1002293,test-d80-w20-k10,0,0.40996168582375475,0.0,4.099616858237548
1002294,test-d80-w20-k10,0,0.40996168582375475,0.0,4.099616858237548
1002296,test-d80-w20-k10,0,0.40996168582375475,0.0,4.099616858237548
1002299,test-d80-w20-k10,0,0.40996168582375475,0.0,4.099616858237548
1002303,test-d80-w20-k10,0,0.40996168582375475,0.0,4.099616858237548
1002309,test-d80-w20-k10,0,0.40996168582375475,0.0,4.099616858237548
1002312,test-d80-w20-k10,0,0.40996168582375475,0.0,4.099616858237548
1002317,test-d80-w20-k10,0,0.40996168582375475,0.0,4.099616858237548
1002322,test-d80-w20-k10,0,0.40996168582375475,0.0,4.099616858237548
1002325,test-d80-w20-k10,0,0.40996168582375475,0.0,4.099616858237548
1002328,test-d80-w20-k10,0,0.40996168582375475,0.0,4.099616858237548
1002330,test-d80-w20-k10,0,0.40996168582375475,0.0,4.099616858237548
1002342,test-d80-w20-k10,0,0.40996168582375475,0.0,4.099616858237548
1002391,test-d80-w20-k10,0,0.40996168582375475,0.0,4.099616858237548
1000002,test-j60-k20-w20,0,0.2206896551724138,0.0,2.206896551724138
1000011,test-j60-k20-w20,0,0.2206896551724138,0.0,2.206896551724138
1000018,test-j60-k20-w20,0,0.2206896551724138,0.0,2.206896551724138
1000048,test-j60-k20-w20,0,0.2206896551724138,0.0,2.206896551724138
1000075,test-j60-k20-w20,0,0.2206896551724138,0.0,2.206896551724138
1000085,test-j60-k20-w20,0,0.2206896551724138,0.125,2.831896551724138
1000836,test-j60-k20-w20,0,0.2206896551724138,0.0,2.206896551724138
1000882,test-j60-k20-w20,0,0.2206896551724138,0.0,2.206896551724138
1000883,test-j60-k20-w20,0,0.2206896551724138,0.0,2.206896551724138
1000885,test-j60-k20-w20,0,0.2206896551724138,0.0,2.206896551724138
1000887,test-j60-k20-w20,0,0.2206896551724138,0.0,2.206896551724138
1000888,test-j60-k20-w20,0,0.2206896551724138,0.0,2.206896551724138
1000891,test-j60-k20-w20,0,0.2206896551724138,0.0,2.206896551724138
1000892,test-j60-k20-w20,0,0.2206896551724138,0.0,2.206896551724138
1000893,test-j60-k20-w20,0,0.2206896551724138,0.0,2.206896551724138
1000894,test-j60-k20-w20,0,0.2206896551724138,0.0,2.206896551724138
1000900,test-j60-k20-w20,0,0.2206896551724138,0.0,2.206896551724138
1000907,test-j60-k20-w20,0,0.2206896551724138,0.0,2.206896551724138
1000909,test-j60-k20-w20,0,0.2206896551724138,0.0,2.206896551724138
1000910,test-j60-k20-w20,0,0.2206896551724138,0.0,2.206896551724138
1000911,test-j60-k20-w20,0,0.2206896551724138,0.0,2.206896551724138
1000916,test-j60-k20-w20,0,0.2206896551724138,0.0,2.206896551724138
1000918,test-j60-k20-w20,0,0.2206896551724138,0.0,2.206896551724138
1000971,test-j60-k20-w20,0,0.2206896551724138,0.0,2.206896551724138
1000982,test-j60-k20-w20,0,0.2206896551724138,0.0,2.206896551724138
1000996,test-j60-k20-w20,0,0.2206896551724138,0.0,2.206896551724138
1001027,test-j60-k20-w20,0,0.2206896551724138,0.0,2.206896551724138
1001028,test-j60-k20-w20,0,0.2206896551724138,0.0,2.206896551724138
1001031,test-j60-k20-w20,0,0.2206896551724138,0.0,2.206896551724138
1001035,test-j60-k20-w20,0,0.2206896551724138,0.0,2.206896551724138
1001125,test-j60-k20-w20,0,0.2206896551724138,0.0,2.206896551724138
1001192,test-j60-k20-w20,0,0.2206896551724138,0.0,2.206896551724138
1001214,test-j60-k20-w20,0,0.2206896551724138,0.0,2.206896551724138
1001231,test-j60-k20-w20,0,0.2206896551724138,0.0,2.206896551724138
1001234,test-j60-k20-w20,0,0.2206896551724138,0.0,2.206896551724138
1001235,test-j60-k20-w20,0,0.2206896551724138,0.0,2.206896551724138
1001236,test-j60-k20-w20,0,0.2206896551724138,0.0,2.206896551724138
1001278,test-j60-k20-w20,0,0.2206896551724138,0.0,2.206896551724138
1001280,test-j60-k20-w20,0,0.2206896551724138,0.0,2.206896551724138
1001299,test-j60-k20-w20,0,0.2206896551724138,0.0,2.206896551724138
1001318,test-j60-k20-w20,0,0.2206896551724138,0.0,2.206896551724138
1001351,test-j60-k20-w20,0,0.2206896551724138,0.0,2.206896551724138
1001373,test-j60-k20-w20,0,0.2206896551724138,0.0,2.206896551724138
1001390,test-j60-k20-w20,0,0.2206896551724138,0.0,2.206896551724138
1001487,test-j60-k20-w20,0,0.2206896551724138,0.0,2.206896551724138
1001494,test-j60-k20-w20,0,0.2206896551724138,0.0,2.206896551724138
1001496,test-j60-k20-w20,0,0.2206896551724138,0.0,2.206896551724138
1001497,test-j60-k20-w20,0,0.2206896551724138,0.0,2.206896551724138
1001611,test-j60-k20-w20,0,0.2206896551724138,0.125,2.831896551724138
1001612,test-j60-k20-w20,0,0.2206896551724138,0.0,2.206896551724138
1001613,test-j60-k20-w20,0,0.2206896551724138,0.0,2.206896551724138
1001614,test-j60-k20-w20,0,0.2206896551724138,0.0,2.206896551724138
1001615,test-j60-k20-w20,0,0.2206896551724138,0.0,2.206896551724138
1001616,test-j60-k20-w20,0,0.2206896551724138,0.0,2.206896551724138
1001676,test-j60-k20-w20,0,0.2206896551724138,0.0,2.206896551724138
1001729,test-j60-k20-w20,0,0.2206896551724138,0.0,2.206896551724138
1001730,test-j60-k20-w20,0,0.2206896551724138,0.0,2.206896551724138
1001731,test-j60-k20-w20,0,0.2206896551724138,0.0,2.206896551724138
1001802,test-j60-k20-w20,0,0.2206896551724138,0.0,2.206896551724138
1001803,test-j60-k20-w20,0,0.2206896551724138,0.125,2.831896551724138
1001871,test-j60-k20-w20,0,0.2206896551724138,0.0,2.206896551724138
1001913,test-j60-k20-w20,0,0.2206896551724138,0.0,2.206896551724138
1001921,test-j60-k20-w20,0,0.2206896551724138,0.0,2.206896551724138
1001922,test-j60-k20-w20,0,0.2206896551724138,0.25,3.456896551724138
1001923,test-j60-k20-w20,0,0.2206896551724138,0.25,3.456896551724138
1001924,test-j60-k20-w20,0,0.2206896551724138,0.125,2.831896551724138
1001925,test-j60-k20-w20,0,0.2206896551724138,0.0,2.206896551724138
1001977,test-j60-k20-w20,0,0.2206896551724138,0.0,2.206896551724138
1002016,test-j60-k20-w20,0,0.2206896551724138,0.0,2.206896551724138
1002037,test-j60-k20-w20,0,0.2206896551724138,0.0,2.206896551724138
1002043,test-j60-k20-w20,0,0.2206896551724138,0.0,2.206896551724138
1002044,test-j60-k20-w20,0,0.2206896551724138,0.0,2.206896551724138
1002045,test-j60-k20-w20,0,0.2206896551724138,0.0,2.206896551724138
1002080,test-j60-k20-w20,0,0.2206896551724138,0.0,2.206896551724138
1002090,test-j60-k20-w20,0,0.2206896551724138,0.0,2.206896551724138
1002107,test-j60-k20-w20,0,0.2206896551724138,0.0,2.206896551724138
1002111,test-j60-k20-w20,0,0.2206896551724138,0.0,2.206896551724138
1002114,test-j60-k20-w20,0,0.2206896551724138,0.0,2.206896551724138
1002118,test-j60-k20-w20,0,0.2206896551724138,0.0,2.206896551724138
1002125,test-j60-k20-w20,0,0.2206896551724138,0.0,2.206896551724138
1002127,test-j60-k20-w20,0,0.2206896551724138,0.0,2.206896551724138
1002171,test-j60-k20-w20,0,0.2206896551724138,0.0,2.206896551724138
1002176,test-j60-k20-w20,0,0.2206896551724138,0.0,2.206896551724138
1002226,test-j60-k20-w20,0,0.2206896551724138,0.0,2.206896551724138
1002230,test-j60-k20-w20,0,0.2206896551724138,0.0,2.206896551724138
1002259,test-j60-k20-w20,0,0.2206896551724138,0.0,2.206896551724138
1002360,test-j60-k20-w20,0,0.2206896551724138,0.125,2.831896551724138
1002385,test-j60-k20-w20,0,0.2206896551724138,0.0,2.206896551724138
1002399,test-j60-k20-w20,0,0.2206896551724138,0.0,2.206896551724138
1002404,test-j60-k20-w20,0,0.2206896551724138,0.0,2.206896551724138
1002419,test-j60-k20-w20,0,0.2206896551724138,0.0,2.206896551724138
1002456,test-j60-k20-w20,0,0.2206896551724138,0.0,2.206896551724138
1000002,test-j65-k15-w20,0,0.27586206896551724,0.0,2.7586206896551726
1000067,test-j65-k15-w20,0,0.27586206896551724,0.0,2.7586206896551726
1000817,test-j65-k15-w20,0,0.27586206896551724,0.0,2.7586206896551726
1000836,test-j65-k15-w20,0,0.27586206896551724,0.0,2.7586206896551726
1000868,test-j65-k15-w20,0,0.27586206896551724,0.0,2.7586206896551726
1000872,test-j65-k15-w20,0,0.27586206896551724,0.0,2.7586206896551726
1000886,test-j65-k15-w20,0,0.27586206896551724,0.0,2.7586206896551726
1000892,test-j65-k15-w20,0,0.27586206896551724,0.0,2.7586206896551726
1000897,test-j65-k15-w20,0,0.27586206896551724,0.0,2.7586206896551726
1000899,test-j65-k15-w20,0,0.27586206896551724,0.0,2.7586206896551726
1000900,test-j65-k15-w20,0,0.27586206896551724,0.0,2.7586206896551726
1000904,test-j65-k15-w20,0,0.27586206896551724,0.0,2.7586206896551726
1000907,test-j65-k15-w20,0,0.27586206896551724,0.0,2.7586206896551726
1000912,test-j65-k15-w20,0,0.27586206896551724,0.0,2.7586206896551726
1000914,test-j65-k15-w20,0,0.27586206896551724,0.0,2.7586206896551726
1001012,test-j65-k15-w20,0,0.27586206896551724,0.0,2.7586206896551726
1001028,test-j65-k15-w20,0,0.27586206896551724,0.0,2.7586206896551726
1001031,test-j65-k15-w20,0,0.27586206896551724,0.0,2.7586206896551726
1001032,test-j65-k15-w20,0,0.27586206896551724,0.0,2.7586206896551726
1001034,test-j65-k15-w20,0,0.27586206896551724,0.0,2.7586206896551726
1001035,test-j65-k15-w20,0,0.27586206896551724,0.0,2.7586206896551726
1001148,test-j65-k15-w20,0,0.27586206896551724,0.0,2.7586206896551726
1001167,test-j65-k15-w20,0,0.27586206896551724,0.0,2.7586206896551726
1001168,test-j65-k15-w20,0,0.27586206896551724,0.0,2.7586206896551726
1001194,test-j65-k15-w20,0,0.27586206896551724,0.0,2.7586206896551726
1001235,test-j65-k15-w20,0,0.27586206896551724,0.0,2.7586206896551726
1001237,test-j65-k15-w20,0,0.27586206896551724,0.0,2.7586206896551726
1001278,test-j65-k15-w20,0,0.27586206896551724,0.0,2.7586206896551726
1001281,test-j65-k15-w20,0,0.27586206896551724,0.0,2.7586206896551726
1001346,test-j65-k15-w20,0,0.27586206896551724,0.0,2.7586206896551726
1001359,test-j65-k15-w20,0,0.27586206896551724,0.0,2.7586206896551726
1001366,test-j65-k15-w20,0,0.27586206896551724,0.0,2.7586206896551726
1001369,test-j65-k15-w20,0,0.27586206896551724,0.0,2.7586206896551726
1001386,test-j65-k15-w20,0,0.27586206896551724,0.0,2.7586206896551726
1001387,test-j65-k15-w20,0,0.27586206896551724,0.0,2.7586206896551726
1001388,test-j65-k15-w20,0,0.27586206896551724,0.0,2.7586206896551726
1001391,test-j65-k15-w20,0,0.27586206896551724,0.0,2.7586206896551726
1001392,test-j65-k15-w20,0,0.27586206896551724,0.0,2.7586206896551726
1001393,test-j65-k15-w20,0,0.27586206896551724,0.0,2.7586206896551726
1001431,test-j65-k15-w20,0,0.27586206896551724,0.0,2.7586206896551726
1001462,test-j65-k15-w20,0,0.27586206896551724,0.0,2.7586206896551726
1001486,test-j65-k15-w20,0,0.27586206896551724,0.0,2.7586206896551726
1001590,test-j65-k15-w20,0,0.27586206896551724,0.0,2.7586206896551726
1001611,test-j65-k15-w20,0,0.27586206896551724,0.125,3.3836206896551726
1001612,test-j65-k15-w20,0,0.27586206896551724,0.0,2.7586206896551726
1001613,test-j65-k15-w20,0,0.27586206896551724,0.25,4.008620689655173
1001614,test-j65-k15-w20,0,0.27586206896551724,0.25,4.008620689655173
1001615,test-j65-k15-w20,0,0.27586206896551724,0.125,3.3836206896551726
1001616,test-j65-k15-w20,0,0.27586206896551724,0.0,2.7586206896551726
1001717,test-j65-k15-w20,0,0.27586206896551724,0.0,2.7586206896551726
1001729,test-j65-k15-w20,0,0.27586206896551724,0.0,2.7586206896551726
1001730,test-j65-k15-w20,0,0.27586206896551724,0.0,2.7586206896551726
1001731,test-j65-k15-w20,0,0.27586206896551724,0.0,2.7586206896551726
1001762,test-j65-k15-w20,0,0.27586206896551724,0.0,2.7586206896551726
1001802,test-j65-k15-w20,0,0.27586206896551724,0.0,2.7586206896551726
1001803,test-j65-k15-w20,0,0.27586206896551724,0.125,3.3836206896551726
1001833,test-j65-k15-w20,0,0.27586206896551724,0.0,2.7586206896551726
1001921,test-j65-k15-w20,0,0.27586206896551724,0.0,2.7586206896551726
1001922,test-j65-k15-w20,0,0.27586206896551724,0.0,2.7586206896551726
1001923,test-j65-k15-w20,0,0.27586206896551724,0.125,3.3836206896551726
1001924,test-j65-k15-w20,0,0.27586206896551724,0.375,4.633620689655173
1001925,test-j65-k15-w20,0,0.27586206896551724,0.125,3.3836206896551726
1002028,test-j65-k15-w20,0,0.27586206896551724,0.0,2.7586206896551726
1002043,test-j65-k15-w20,0,0.27586206896551724,0.0,2.7586206896551726
1002044,test-j65-k15-w20,0,0.27586206896551724,0.125,3.3836206896551726
1002045,test-j65-k15-w20,0,0.27586206896551724,0.25,4.008620689655173
1002078,test-j65-k15-w20,0,0.27586206896551724,0.0,2.7586206896551726
1002114,test-j65-k15-w20,0,0.27586206896551724,0.0,2.7586206896551726
1002123,test-j65-k15-w20,0,0.27586206896551724,0.0,2.7586206896551726
1002139,test-j65-k15-w20,0,0.27586206896551724,0.0,2.7586206896551726
1002163,test-j65-k15-w20,0,0.27586206896551724,0.0,2.7586206896551726
1002193,test-j65-k15-w20,0,0.27586206896551724,0.0,2.7586206896551726
1002201,test-j65-k15-w20,0,0.27586206896551724,0.0,2.7586206896551726
1002210,test-j65-k15-w20,0,0.27586206896551724,0.0,2.7586206896551726
1002230,test-j65-k15-w20,0,0.27586206896551724,0.25,4.008620689655173
1002259,test-j65-k15-w20,0,0.27586206896551724,0.0,2.7586206896551726
1002274,test-j65-k15-w20,0,0.27586206896551724,0.0,2.7586206896551726
1002332,test-j65-k15-w20,0,0.27586206896551724,0.0,2.7586206896551726
1002348,test-j65-k15-w20,0,0.27586206896551724,0.0,2.7586206896551726
1002360,test-j65-k15-w20,0,0.27586206896551724,0.125,3.3836206896551726
1002456,test-j65-k15-w20,0,0.27586206896551724,0.0,2.7586206896551726
1002459,test-j65-k15-w20,0,0.27586206896551724,0.0,2.7586206896551726
1000002,test-j70-k30,0,0.3716475095785441,0.0,3.716475095785441
1000021,test-j70-k30,0,0.3716475095785441,0.0,3.716475095785441
1000070,test-j70-k30,0,0.3716475095785441,0.0,3.716475095785441
1000071,test-j70-k30,0,0.3716475095785441,0.0,3.716475095785441
1000075,test-j70-k30,0,0.3716475095785441,0.0,3.716475095785441
1000780,test-j70-k30,0,0.3716475095785441,0.0,3.716475095785441
1000805,test-j70-k30,0,0.3716475095785441,0.0,3.716475095785441
1000823,test-j70-k30,0,0.3716475095785441,0.0,3.716475095785441
1000849,test-j70-k30,0,0.3716475095785441,0.0,3.716475095785441
1000882,test-j70-k30,0,0.3716475095785441,0.0,3.716475095785441
1000883,test-j70-k30,0,0.3716475095785441,0.0,3.716475095785441
1000884,test-j70-k30,0,0.3716475095785441,0.0,3.716475095785441
1000885,test-j70-k30,0,0.3716475095785441,0.0,3.716475095785441
1000886,test-j70-k30,0,0.3716475095785441,0.0,3.716475095785441
1000887,test-j70-k30,0,0.3716475095785441,0.0,3.716475095785441
1000888,test-j70-k30,0,0.3716475095785441,0.0,3.716475095785441
1000889,test-j70-k30,0,0.3716475095785441,0.0,3.716475095785441
1000890,test-j70-k30,0,0.3716475095785441,0.0,3.716475095785441
1000891,test-j70-k30,0,0.3716475095785441,0.0,3.716475095785441
1000892,test-j70-k30,0,0.3716475095785441,0.0,3.716475095785441
1000893,test-j70-k30,0,0.3716475095785441,0.0,3.716475095785441
1000894,test-j70-k30,0,0.3716475095785441,0.0,3.716475095785441
1000895,test-j70-k30,0,0.3716475095785441,0.0,3.716475095785441
1000896,test-j70-k30,0,0.3716475095785441,0.0,3.716475095785441
1000897,test-j70-k30,0,0.3716475095785441,0.0,3.716475095785441
1000898,test-j70-k30,0,0.3716475095785441,0.0,3.716475095785441
1000899,test-j70-k30,0,0.3716475095785441,0.0,3.716475095785441
1000900,test-j70-k30,0,0.3716475095785441,0.0,3.716475095785441
1000901,test-j70-k30,0,0.3716475095785441,0.0,3.716475095785441
1000902,test-j70-k30,0,0.3716475095785441,0.0,3.716475095785441
1000903,test-j70-k30,0,0.3716475095785441,0.0,3.716475095785441
1000904,test-j70-k30,0,0.3716475095785441,0.0,3.716475095785441
1000905,test-j70-k30,0,0.3716475095785441,0.0,3.716475095785441
1000906,test-j70-k30,0,0.3716475095785441,0.0,3.716475095785441
1000907,test-j70-k30,0,0.3716475095785441,0.0,3.716475095785441
1000908,test-j70-k30,0,0.3716475095785441,0.0,3.716475095785441
1000909,test-j70-k30,0,0.3716475095785441,0.0,3.716475095785441
1000910,test-j70-k30,0,0.3716475095785441,0.0,3.716475095785441
1000911,test-j70-k30,0,0.3716475095785441,0.0,3.716475095785441
1000912,test-j70-k30,0,0.3716475095785441,0.0,3.716475095785441
1000914,test-j70-k30,0,0.3716475095785441,0.0,3.716475095785441
1000915,test-j70-k30,0,0.3716475095785441,0.0,3.716475095785441
1000916,test-j70-k30,0,0.3716475095785441,0.0,3.716475095785441
1000917,test-j70-k30,0,0.3716475095785441,0.0,3.716475095785441
1000918,test-j70-k30,0,0.3716475095785441,0.0,3.716475095785441
1001000,test-j70-k30,0,0.3716475095785441,0.0,3.716475095785441
1001027,test-j70-k30,0,0.3716475095785441,0.0,3.716475095785441
1001028,test-j70-k30,0,0.3716475095785441,0.0,3.716475095785441
1001029,test-j70-k30,0,0.3716475095785441,0.0,3.716475095785441
1001030,test-j70-k30,0,0.3716475095785441,0.0,3.716475095785441
1001031,test-j70-k30,0,0.3716475095785441,0.0,3.716475095785441
1001032,test-j70-k30,0,0.3716475095785441,0.0,3.716475095785441
1001033,test-j70-k30,0,0.3716475095785441,0.0,3.716475095785441
1001034,test-j70-k30,0,0.3716475095785441,0.0,3.716475095785441
1001035,test-j70-k30,0,0.3716475095785441,0.0,3.716475095785441
1001125,test-j70-k30,0,0.3716475095785441,0.0,3.716475095785441
1001140,test-j70-k30,0,0.3716475095785441,0.0,3.716475095785441
1001167,test-j70-k30,0,0.3716475095785441,0.0,3.716475095785441
1001168,test-j70-k30,0,0.3716475095785441,0.0,3.716475095785441
1001176,test-j70-k30,0,0.3716475095785441,0.0,3.716475095785441
1001221,test-j70-k30,0,0.3716475095785441,0.0,3.716475095785441
1001232,test-j70-k30,0,0.3716475095785441,0.0,3.716475095785441
1001233,test-j70-k30,0,0.3716475095785441,0.0,3.716475095785441
1001234,test-j70-k30,0,0.3716475095785441,0.0,3.716475095785441
1001235,test-j70-k30,0,0.3716475095785441,0.0,3.716475095785441
1001236,test-j70-k30,0,0.3716475095785441,0.0,3.716475095785441
1001237,test-j70-k30,0,0.3716475095785441,0.0,3.716475095785441
1001246,test-j70-k30,0,0.3716475095785441,0.0,3.716475095785441
1001262,test-j70-k30,0,0.3716475095785441,0.0,3.716475095785441
1001277,test-j70-k30,0,0.3716475095785441,0.0,3.716475095785441
1001278,test-j70-k30,0,0.3716475095785441,0.0,3.716475095785441
1001279,test-j70-k30,0,0.3716475095785441,0.0,3.716475095785441
1001280,test-j70-k30,0,0.3716475095785441,0.0,3.716475095785441
1001281,test-j70-k30,0,0.3716475095785441,0.0,3.716475095785441
1001282,test-j70-k30,0,0.3716475095785441,0.0,3.716475095785441
1001320,test-j70-k30,0,0.3716475095785441,0.0,3.716475095785441
1001322,test-j70-k30,0,0.3716475095785441,0.0,3.716475095785441
1001335,test-j70-k30,0,0.3716475095785441,0.0,3.716475095785441
1001388,test-j70-k30,0,0.3716475095785441,0.0,3.716475095785441
1001389,test-j70-k30,0,0.3716475095785441,0.0,3.716475095785441
1001390,test-j70-k30,0,0.3716475095785441,0.0,3.716475095785441
1001391,test-j70-k30,0,0.3716475095785441,0.0,3.716475095785441
1001392,test-j70-k30,0,0.3716475095785441,0.0,3.716475095785441
1001393,test-j70-k30,0,0.3716475095785441,0.0,3.716475095785441
1001394,test-j70-k30,0,0.3716475095785441,0.0,3.716475095785441
1001465,test-j70-k30,0,0.3716475095785441,0.0,3.716475095785441
1001467,test-j70-k30,0,0.3716475095785441,0.0,3.716475095785441
1001496,test-j70-k30,0,0.3716475095785441,0.0,3.716475095785441
1001497,test-j70-k30,0,0.3716475095785441,0.0,3.716475095785441
1001750,test-j70-k30,0,0.3716475095785441,0.0,3.716475095785441
1001769,test-j70-k30,0,0.3716475095785441,0.0,3.716475095785441
1001775,test-j70-k30,0,0.3716475095785441,0.0,3.716475095785441
1001816,test-j70-k30,0,0.3716475095785441,0.0,3.716475095785441
1001819,test-j70-k30,0,0.3716475095785441,0.0,3.716475095785441
1001979,test-j70-k30,0,0.3716475095785441,0.0,3.716475095785441
1001993,test-j70-k30,0,0.3716475095785441,0.0,3.716475095785441
1002007,test-j70-k30,0,0.3716475095785441,0.0,3.716475095785441
1002039,test-j70-k30,0,0.3716475095785441,0.0,3.716475095785441
1002057,test-j70-k30,0,0.3716475095785441,0.0,3.716475095785441
1002271,test-j70-k30,0,0.3716475095785441,0.0,3.716475095785441
1000010,test-k60-w20-f20,0,0.27873563218390807,0.0,2.7873563218390807
1000016,test-k60-w20-f20,0,0.27873563218390807,0.0,2.7873563218390807
1000023,test-k60-w20-f20,0,0.27873563218390807,0.0,2.7873563218390807
1000058,test-k60-w20-f20,0,0.27873563218390807,0.0,2.7873563218390807
1000073,test-k60-w20-f20,0,0.27873563218390807,0.125,3.4123563218390807
1000776,test-k60-w20-f20,0,0.27873563218390807,0.0,2.7873563218390807
1000779,test-k60-w20-f20,0,0.27873563218390807,0.0,2.7873563218390807
1000813,test-k60-w20-f20,0,0.27873563218390807,0.0,2.7873563218390807
1000814,test-k60-w20-f20,0,0.27873563218390807,0.0,2.7873563218390807
1000817,test-k60-w20-f20,0,0.27873563218390807,0.0,2.7873563218390807
1000823,test-k60-w20-f20,0,0.27873563218390807,0.0,2.7873563218390807
1000832,test-k60-w20-f20,0,0.27873563218390807,0.0,2.7873563218390807
1000850,test-k60-w20-f20,0,0.27873563218390807,0.0,2.7873563218390807
1000944,test-k60-w20-f20,0,0.27873563218390807,0.0,2.7873563218390807
1000964,test-k60-w20-f20,0,0.27873563218390807,0.0,2.7873563218390807
1000971,test-k60-w20-f20,0,0.27873563218390807,0.0,2.7873563218390807
1001083,test-k60-w20-f20,0,0.27873563218390807,0.0,2.7873563218390807
1001084,test-k60-w20-f20,0,0.27873563218390807,0.0,2.7873563218390807
1001089,test-k60-w20-f20,0,0.27873563218390807,0.0,2.7873563218390807
1001093,test-k60-w20-f20,0,0.27873563218390807,0.0,2.7873563218390807
1001117,test-k60-w20-f20,0,0.27873563218390807,0.0,2.7873563218390807
1001144,test-k60-w20-f20,0,0.27873563218390807,0.0,2.7873563218390807
1001176,test-k60-w20-f20,0,0.27873563218390807,0.0,2.7873563218390807
1001184,test-k60-w20-f20,0,0.27873563218390807,0.0,2.7873563218390807
1001190,test-k60-w20-f20,0,0.27873563218390807,0.0,2.7873563218390807
1001199,test-k60-w20-f20,0,0.27873563218390807,0.0,2.7873563218390807
1001200,test-k60-w20-f20,0,0.27873563218390807,0.0,2.7873563218390807
1001219,test-k60-w20-f20,0,0.27873563218390807,0.0,2.7873563218390807
1001225,test-k60-w20-f20,0,0.27873563218390807,0.0,2.7873563218390807
1001249,test-k60-w20-f20,0,0.27873563218390807,0.0,2.7873563218390807
1001267,test-k60-w20-f20,0,0.27873563218390807,0.0,2.7873563218390807
1001270,test-k60-w20-f20,0,0.27873563218390807,0.0,2.7873563218390807
1001289,test-k60-w20-f20,0,0.27873563218390807,0.0,2.7873563218390807
1001293,test-k60-w20-f20,0,0.27873563218390807,0.0,2.7873563218390807
1001299,test-k60-w20-f20,0,0.27873563218390807,0.0,2.7873563218390807
1001307,test-k60-w20-f20,0,0.27873563218390807,0.0,2.7873563218390807
1001315,test-k60-w20-f20,0,0.27873563218390807,0.0,2.7873563218390807
1001317,test-k60-w20-f20,0,0.27873563218390807,0.0,2.7873563218390807
1001339,test-k60-w20-f20,0,0.27873563218390807,0.0,2.7873563218390807
1001340,test-k60-w20-f20,0,0.27873563218390807,0.0,2.7873563218390807
1001353,test-k60-w20-f20,0,0.27873563218390807,0.0,2.7873563218390807
1001363,test-k60-w20-f20,0,0.27873563218390807,0.0,2.7873563218390807
1001366,test-k60-w20-f20,0,0.27873563218390807,0.0,2.7873563218390807
1001371,test-k60-w20-f20,0,0.27873563218390807,0.0,2.7873563218390807
1001373,test-k60-w20-f20,0,0.27873563218390807,0.0,2.7873563218390807
1001386,test-k60-w20-f20,0,0.27873563218390807,0.0,2.7873563218390807
1001407,test-k60-w20-f20,0,0.27873563218390807,0.0,2.7873563218390807
1001423,test-k60-w20-f20,0,0.27873563218390807,0.0,2.7873563218390807
1001425,test-k60-w20-f20,0,0.27873563218390807,0.0,2.7873563218390807
1001431,test-k60-w20-f20,0,0.27873563218390807,0.0,2.7873563218390807
1001446,test-k60-w20-f20,0,0.27873563218390807,0.0,2.7873563218390807
1001480,test-k60-w20-f20,0,0.27873563218390807,0.0,2.7873563218390807
1001514,test-k60-w20-f20,0,0.27873563218390807,0.0,2.7873563218390807
1001574,test-k60-w20-f20,0,0.27873563218390807,0.0,2.7873563218390807
1001642,test-k60-w20-f20,0,0.27873563218390807,0.0,2.7873563218390807
1001653,test-k60-w20-f20,0,0.27873563218390807,0.0,2.7873563218390807
1001665,test-k60-w20-f20,0,0.27873563218390807,0.0,2.7873563218390807
1001666,test-k60-w20-f20,0,0.27873563218390807,0.0,2.7873563218390807
1001667,test-k60-w20-f20,0,0.27873563218390807,0.0,2.7873563218390807
1001675,test-k60-w20-f20,0,0.27873563218390807,0.0,2.7873563218390807
1001685,test-k60-w20-f20,0,0.27873563218390807,0.0,2.7873563218390807
1001699,test-k60-w20-f20,0,0.27873563218390807,0.0,2.7873563218390807
1001700,test-k60-w20-f20,0,0.27873563218390807,0.0,2.7873563218390807
1001727,test-k60-w20-f20,0,0.27873563218390807,0.0,2.7873563218390807
1001764,test-k60-w20-f20,0,0.27873563218390807,0.0,2.7873563218390807
1001782,test-k60-w20-f20,0,0.27873563218390807,0.0,2.7873563218390807
1001832,test-k60-w20-f20,0,0.27873563218390807,0.0,2.7873563218390807
1001863,test-k60-w20-f20,0,0.27873563218390807,0.0,2.7873563218390807
1001878,test-k60-w20-f20,0,0.27873563218390807,0.0,2.7873563218390807
1001901,test-k60-w20-f20,0,0.27873563218390807,0.0,2.7873563218390807
1001948,test-k60-w20-f20,0,0.27873563218390807,0.0,2.7873563218390807
1001988,test-k60-w20-f20,0,0.27873563218390807,0.0,2.7873563218390807
1001992,test-k60-w20-f20,0,0.27873563218390807,0.0,2.7873563218390807
1002005,test-k60-w20-f20,0,0.27873563218390807,0.0,2.7873563218390807
1002015,test-k60-w20-f20,0,0.27873563218390807,0.0,2.7873563218390807
1002028,test-k60-w20-f20,0,0.27873563218390807,0.0,2.7873563218390807
1002039,test-k60-w20-f20,0,0.27873563218390807,0.0,2.7873563218390807
1002063,test-k60-w20-f20,0,0.27873563218390807,0.0,2.7873563218390807
1002078,test-k60-w20-f20,0,0.27873563218390807,0.0,2.7873563218390807
1002080,test-k60-w20-f20,0,0.27873563218390807,0.0,2.7873563218390807
1002109,test-k60-w20-f20,0,0.27873563218390807,0.0,2.7873563218390807
1002117,test-k60-w20-f20,0,0.27873563218390807,0.0,2.7873563218390807
1002135,test-k60-w20-f20,0,0.27873563218390807,0.0,2.7873563218390807
1002188,test-k60-w20-f20,0,0.27873563218390807,0.0,2.7873563218390807
1002202,test-k60-w20-f20,0,0.27873563218390807,0.0,2.7873563218390807
1002258,test-k60-w20-f20,0,0.27873563218390807,0.0,2.7873563218390807
1002271,test-k60-w20-f20,0,0.27873563218390807,0.0,2.7873563218390807
1002273,test-k60-w20-f20,0,0.27873563218390807,0.0,2.7873563218390807
1002317,test-k60-w20-f20,0,0.27873563218390807,0.0,2.7873563218390807
1002324,test-k60-w20-f20,0,0.27873563218390807,0.0,2.7873563218390807
1002325,test-k60-w20-f20,0,0.27873563218390807,0.0,2.7873563218390807
1002329,test-k60-w20-f20,0,0.27873563218390807,0.0,2.7873563218390807
1002337,test-k60-w20-f20,0,0.27873563218390807,0.0,2.7873563218390807
1002346,test-k60-w20-f20,0,0.27873563218390807,0.0,2.7873563218390807
1002347,test-k60-w20-f20,0,0.27873563218390807,0.0,2.7873563218390807
1002349,test-k60-w20-f20,0,0.27873563218390807,0.0,2.7873563218390807
1002399,test-k60-w20-f20,0,0.27873563218390807,0.0,2.7873563218390807
1002409,test-k60-w20-f20,0,0.27873563218390807,0.0,2.7873563218390807
1002462,test-k60-w20-f20,0,0.27873563218390807,0.0,2.7873563218390807
1002465,test-k60-w20-f20,0,0.27873563218390807,0.0,2.7873563218390807
1000011,test-k80-w20,0,0.3716475095785441,0.0,3.716475095785441
1000014,test-k80-w20,0,0.3716475095785441,0.0,3.716475095785441
1000026,test-k80-w20,0,0.3716475095785441,0.0,3.716475095785441
1000083,test-k80-w20,0,0.3716475095785441,0.0,3.716475095785441
1000779,test-k80-w20,0,0.3716475095785441,0.0,3.716475095785441
1000786,test-k80-w20,0,0.3716475095785441,0.0,3.716475095785441
1000802,test-k80-w20,0,0.3716475095785441,0.0,3.716475095785441
1000803,test-k80-w20,0,0.3716475095785441,0.0,3.716475095785441
1000819,test-k80-w20,0,0.3716475095785441,0.0,3.716475095785441
1000822,test-k80-w20,0,0.3716475095785441,0.0,3.716475095785441
1000823,test-k80-w20,0,0.3716475095785441,0.0,3.716475095785441
1000828,test-k80-w20,0,0.3716475095785441,0.0,3.716475095785441
1000845,test-k80-w20,0,0.3716475095785441,0.0,3.716475095785441
1000863,test-k80-w20,0,0.3716475095785441,0.0,3.716475095785441
1001003,test-k80-w20,0,0.3716475095785441,0.0,3.716475095785441
1001109,test-k80-w20,0,0.3716475095785441,0.0,3.716475095785441
1001110,test-k80-w20,0,0.3716475095785441,0.0,3.716475095785441
1001157,test-k80-w20,0,0.3716475095785441,0.0,3.716475095785441
1001158,test-k80-w20,0,0.3716475095785441,0.0,3.716475095785441
1001185,test-k80-w20,0,0.3716475095785441,0.0,3.716475095785441
1001186,test-k80-w20,0,0.3716475095785441,0.0,3.716475095785441
1001193,test-k80-w20,0,0.3716475095785441,0.0,3.716475095785441
1001194,test-k80-w20,0,0.3716475095785441,0.0,3.716475095785441
1001196,test-k80-w20,0,0.3716475095785441,0.0,3.716475095785441
1001199,test-k80-w20,0,0.3716475095785441,0.0,3.716475095785441
1001207,test-k80-w20,0,0.3716475095785441,0.0,3.716475095785441
1001219,test-k80-w20,0,0.3716475095785441,0.0,3.716475095785441
1001222,test-k80-w20,0,0.3716475095785441,0.0,3.716475095785441
1001227,test-k80-w20,0,0.3716475095785441,0.0,3.716475095785441
1001228,test-k80-w20,0,0.3716475095785441,0.0,3.716475095785441
1001229,test-k80-w20,0,0.3716475095785441,0.0,3.716475095785441
1001259,test-k80-w20,0,0.3716475095785441,0.0,3.716475095785441
1001269,test-k80-w20,0,0.3716475095785441,0.0,3.716475095785441
1001273,test-k80-w20,0,0.3716475095785441,0.0,3.716475095785441
1001300,test-k80-w20,0,0.3716475095785441,0.0,3.716475095785441
1001302,test-k80-w20,0,0.3716475095785441,0.0,3.716475095785441
1001313,test-k80-w20,0,0.3716475095785441,0.0,3.716475095785441
1001319,test-k80-w20,0,0.3716475095785441,0.0,3.716475095785441
1001328,test-k80-w20,0,0.3716475095785441,0.0,3.716475095785441
1001330,test-k80-w20,0,0.3716475095785441,0.0,3.716475095785441
1001370,test-k80-w20,0,0.3716475095785441,0.0,3.716475095785441
1001377,test-k80-w20,0,0.3716475095785441,0.0,3.716475095785441
1001378,test-k80-w20,0,0.3716475095785441,0.0,3.716475095785441
1001436,test-k80-w20,0,0.3716475095785441,0.0,3.716475095785441
1001462,test-k80-w20,0,0.3716475095785441,0.0,3.716475095785441
1001472,test-k80-w20,0,0.3716475095785441,0.0,3.716475095785441
1001563,test-k80-w20,0,0.3716475095785441,0.0,3.716475095785441
1001579,test-k80-w20,0,0.3716475095785441,0.0,3.716475095785441
1001588,test-k80-w20,0,0.3716475095785441,0.0,3.716475095785441
1001676,test-k80-w20,0,0.3716475095785441,0.0,3.716475095785441
1001687,test-k80-w20,0,0.3716475095785441,0.0,3.716475095785441
1001705,test-k80-w20,0,0.3716475095785441,0.0,3.716475095785441
1001707,test-k80-w20,0,0.3716475095785441,0.0,3.716475095785441
1001708,test-k80-w20,0,0.3716475095785441,0.0,3.716475095785441
1001711,test-k80-w20,0,0.3716475095785441,0.0,3.716475095785441
1001712,test-k80-w20,0,0.3716475095785441,0.0,3.716475095785441
1001714,test-k80-w20,0,0.3716475095785441,0.0,3.716475095785441
1001717,test-k80-w20,0,0.3716475095785441,0.0,3.716475095785441
1001722,test-k80-w20,0,0.3716475095785441,0.0,3.716475095785441
1001723,test-k80-w20,0,0.3716475095785441,0.0,3.716475095785441
1001727,test-k80-w20,0,0.3716475095785441,0.0,3.716475095785441
1001750,test-k80-w20,0,0.3716475095785441,0.0,3.716475095785441
1001754,test-k80-w20,0,0.3716475095785441,0.0,3.716475095785441
1001779,test-k80-w20,0,0.3716475095785441,0.0,3.716475095785441
1001785,test-k80-w20,0,0.3716475095785441,0.0,3.716475095785441
1001791,test-k80-w20,0,0.3716475095785441,0.0,3.716475095785441
1001797,test-k80-w20,0,0.3716475095785441,0.0,3.716475095785441
1001799,test-k80-w20,0,0.3716475095785441,0.0,3.716475095785441
1001822,test-k80-w20,0,0.3716475095785441,0.0,3.716475095785441
1001830,test-k80-w20,0,0.3716475095785441,0.0,3.716475095785441
1001835,test-k80-w20,0,0.3716475095785441,0.0,3.716475095785441
1001836,test-k80-w20,0,0.3716475095785441,0.0,3.716475095785441
1001843,test-k80-w20,0,0.3716475095785441,0.0,3.716475095785441
1001844,test-k80-w20,0,0.3716475095785441,0.0,3.716475095785441
1001847,test-k80-w20,0,0.3716475095785441,0.0,3.716475095785441
1001850,test-k80-w20,0,0.3716475095785441,0.0,3.716475095785441
1001862,test-k80-w20,0,0.3716475095785441,0.0,3.716475095785441
1001888,test-k80-w20,0,0.3716475095785441,0.0,3.716475095785441
1001980,test-k80-w20,0,0.3716475095785441,0.0,3.716475095785441
1002011,test-k80-w20,0,0.3716475095785441,0.0,3.716475095785441
1002014,test-k80-w20,0,0.3716475095785441,0.0,3.716475095785441
1002039,test-k80-w20,0,0.3716475095785441,0.0,3.716475095785441
1002051,test-k80-w20,0,0.3716475095785441,0.0,3.716475095785441
1002076,test-k80-w20,0,0.3716475095785441,0.0,3.716475095785441
1002136,test-k80-w20,0,0.3716475095785441,0.0,3.716475095785441
1002142,test-k80-w20,0,0.3716475095785441,0.0,3.716475095785441
1002174,test-k80-w20,0,0.3716475095785441,0.0,3.716475095785441
1002176,test-k80-w20,0,0.3716475095785441,0.0,3.716475095785441
1002182,test-k80-w20,0,0.3716475095785441,0.0,3.716475095785441
1002207,test-k80-w20,0,0.3716475095785441,0.0,3.716475095785441
1002257,test-k80-w20,0,0.3716475095785441,0.0,3.716475095785441
1002267,test-k80-w20,0,0.3716475095785441,0.0,3.716475095785441
1002272,test-k80-w20,0,0.3716475095785441,0.0,3.716475095785441
1002307,test-k80-w20,0,0.3716475095785441,0.0,3.716475095785441
1002321,test-k80-w20,0,0.3716475095785441,0.0,3.716475095785441
1002323,test-k80-w20,0,0.3716475095785441,0.0,3.716475095785441
1002330,test-k80-w20,0,0.3716475095785441,0.0,3.716475095785441
1002395,test-k80-w20,0,0.3716475095785441,0.0,3.716475095785441
1002439,test-k80-w20,0,0.3716475095785441,0.0,3.716475095785441
1002450,test-k80-w20,0,0.3716475095785441,0.0,3.716475095785441
1000018,test-k90-w10,0,0.3716475095785441,0.0,3.716475095785441
1000028,test-k90-w10,0,0.3716475095785441,0.0,3.716475095785441
1000033,test-k90-w10,0,0.3716475095785441,0.0,3.716475095785441
1000059,test-k90-w10,0,0.3716475095785441,0.0,3.716475095785441
1000064,test-k90-w10,0,0.3716475095785441,0.0,3.716475095785441
1000079,test-k90-w10,0,0.3716475095785441,0.0,3.716475095785441
1000776,test-k90-w10,0,0.3716475095785441,0.0,3.716475095785441
1000813,test-k90-w10,0,0.3716475095785441,0.0,3.716475095785441
1000830,test-k90-w10,0,0.3716475095785441,0.0,3.716475095785441
1000848,test-k90-w10,0,0.3716475095785441,0.0,3.716475095785441
1000972,test-k90-w10,0,0.3716475095785441,0.0,3.716475095785441
1000977,test-k90-w10,0,0.3716475095785441,0.0,3.716475095785441
1000997,test-k90-w10,0,0.3716475095785441,0.0,3.716475095785441
1001009,test-k90-w10,0,0.3716475095785441,0.0,3.716475095785441
1001010,test-k90-w10,0,0.3716475095785441,0.0,3.716475095785441
1001116,test-k90-w10,0,0.3716475095785441,0.0,3.716475095785441
1001118,test-k90-w10,0,0.3716475095785441,0.0,3.716475095785441
1001126,test-k90-w10,0,0.3716475095785441,0.0,3.716475095785441
1001133,test-k90-w10,0,0.3716475095785441,0.0,3.716475095785441
1001134,test-k90-w10,0,0.3716475095785441,0.0,3.716475095785441
1001147,test-k90-w10,0,0.3716475095785441,0.0,3.716475095785441
1001148,test-k90-w10,0,0.3716475095785441,0.0,3.716475095785441
1001160,test-k90-w10,0,0.3716475095785441,0.0,3.716475095785441
1001165,test-k90-w10,0,0.3716475095785441,0.0,3.716475095785441
1001173,test-k90-w10,0,0.3716475095785441,0.0,3.716475095785441
1001174,test-k90-w10,0,0.3716475095785441,0.0,3.716475095785441
1001179,test-k90-w10,0,0.3716475095785441,0.0,3.716475095785441
1001181,test-k90-w10,0,0.3716475095785441,0.0,3.716475095785441
1001186,test-k90-w10,0,0.3716475095785441,0.0,3.716475095785441
1001209,test-k90-w10,0,0.3716475095785441,0.0,3.716475095785441
1001222,test-k90-w10,0,0.3716475095785441,0.0,3.716475095785441
1001230,test-k90-w10,0,0.3716475095785441,0.0,3.716475095785441
1001242,test-k90-w10,0,0.3716475095785441,0.0,3.716475095785441
1001256,test-k90-w10,0,0.3716475095785441,0.0,3.716475095785441
1001264,test-k90-w10,0,0.3716475095785441,0.0,3.716475095785441
1001266,test-k90-w10,0,0.3716475095785441,0.0,3.716475095785441
1001303,test-k90-w10,0,0.3716475095785441,0.0,3.716475095785441
1001311,test-k90-w10,0,0.3716475095785441,0.0,3.716475095785441
1001313,test-k90-w10,0,0.3716475095785441,0.0,3.716475095785441
1001318,test-k90-w10,0,0.3716475095785441,0.0,3.716475095785441
1001323,test-k90-w10,0,0.3716475095785441,0.0,3.716475095785441
1001345,test-k90-w10,0,0.3716475095785441,0.0,3.716475095785441
1001359,test-k90-w10,0,0.3716475095785441,0.0,3.716475095785441
1001364,test-k90-w10,0,0.3716475095785441,0.0,3.716475095785441
1001431,test-k90-w10,0,0.3716475095785441,0.0,3.716475095785441
1001453,test-k90-w10,0,0.3716475095785441,0.0,3.716475095785441
1001456,test-k90-w10,0,0.3716475095785441,0.0,3.716475095785441
1001466,test-k90-w10,0,0.3716475095785441,0.0,3.716475095785441
1001471,test-k90-w10,0,0.3716475095785441,0.0,3.716475095785441
1001475,test-k90-w10,0,0.3716475095785441,0.0,3.716475095785441
1001482,test-k90-w10,0,0.3716475095785441,0.0,3.716475095785441
1001489,test-k90-w10,0,0.3716475095785441,0.0,3.716475095785441
1001566,test-k90-w10,0,0.3716475095785441,0.0,3.716475095785441
1001567,test-k90-w10,0,0.3716475095785441,0.0,3.716475095785441
1001573,test-k90-w10,0,0.3716475095785441,0.0,3.716475095785441
1001576,test-k90-w10,0,0.3716475095785441,0.0,3.716475095785441
1001685,test-k90-w10,0,0.3716475095785441,0.0,3.716475095785441
1001703,test-k90-w10,0,0.3716475095785441,0.0,3.716475095785441
1001704,test-k90-w10,0,0.3716475095785441,0.0,3.716475095785441
1001709,test-k90-w10,0,0.3716475095785441,0.0,3.716475095785441
1001716,test-k90-w10,0,0.3716475095785441,0.0,3.716475095785441
1001719,test-k90-w10,0,0.3716475095785441,0.0,3.716475095785441
1001725,test-k90-w10,0,0.3716475095785441,0.0,3.716475095785441
1001747,test-k90-w10,0,0.3716475095785441,0.0,3.716475095785441
1001758,test-k90-w10,0,0.3716475095785441,0.0,3.716475095785441
1001777,test-k90-w10,0,0.3716475095785441,0.0,3.716475095785441
1001784,test-k90-w10,0,0.3716475095785441,0.0,3.716475095785441
1001787,test-k90-w10,0,0.3716475095785441,0.0,3.716475095785441
1001791,test-k90-w10,0,0.3716475095785441,0.0,3.716475095785441
1001795,test-k90-w10,0,0.3716475095785441,0.0,3.716475095785441
1001819,test-k90-w10,0,0.3716475095785441,0.0,3.716475095785441
1001845,test-k90-w10,0,0.3716475095785441,0.0,3.716475095785441
1001848,test-k90-w10,0,0.3716475095785441,0.0,3.716475095785441
1001864,test-k90-w10,0,0.3716475095785441,0.0,3.716475095785441
1001897,test-k90-w10,0,0.3716475095785441,0.0,3.716475095785441
1001983,test-k90-w10,0,0.3716475095785441,0.0,3.716475095785441
1001990,test-k90-w10,0,0.3716475095785441,0.0,3.716475095785441
1001991,test-k90-w10,0,0.3716475095785441,0.0,3.716475095785441
1001999,test-k90-w10,0,0.3716475095785441,0.0,3.716475095785441
1002013,test-k90-w10,0,0.3716475095785441,0.0,3.716475095785441
1002025,test-k90-w10,0,0.3716475095785441,0.0,3.716475095785441
1002034,test-k90-w10,0,0.3716475095785441,0.0,3.716475095785441
1002035,test-k90-w10,0,0.3716475095785441,0.0,3.716475095785441
1002053,test-k90-w10,0,0.3716475095785441,0.0,3.716475095785441
1002058,test-k90-w10,0,0.3716475095785441,0.0,3.716475095785441
1002069,test-k90-w10,0,0.3716475095785441,0.0,3.716475095785441
1002078,test-k90-w10,0,0.3716475095785441,0.0,3.716475095785441
1002079,test-k90-w10,0,0.3716475095785441,0.0,3.716475095785441
1002220,test-k90-w10,0,0.3716475095785441,0.0,3.716475095785441
1002266,test-k90-w10,0,0.3716475095785441,0.0,3.716475095785441
1002269,test-k90-w10,0,0.3716475095785441,0.0,3.716475095785441
1002280,test-k90-w10,0,0.3716475095785441,0.0,3.716475095785441
1002306,test-k90-w10,0,0.3716475095785441,0.0,3.716475095785441
1002309,test-k90-w10,0,0.3716475095785441,0.0,3.716475095785441
1002326,test-k90-w10,0,0.3716475095785441,0.0,3.716475095785441
1002349,test-k90-w10,0,0.3716475095785441,0.0,3.716475095785441
1002385,test-k90-w10,0,0.3716475095785441,0.0,3.716475095785441
1002395,test-k90-w10,0,0.3716475095785441,0.0,3.716475095785441
1002444,test-k90-w10,0,0.3716475095785441,0.0,3.716475095785441
1002446,test-k90-w10,0,0.3716475095785441,0.0,3.716475095785441
1000007,test-w65-k45,0,0.3074712643678161,0.0,3.074712643678161
1000021,test-w65-k45,0,0.3074712643678161,0.0,3.074712643678161
1000047,test-w65-k45,0,0.3074712643678161,0.0,3.074712643678161
1000050,test-w65-k45,0,0.3074712643678161,0.0,3.074712643678161
1000074,test-w65-k45,0,0.3074712643678161,0.125,3.699712643678161
1000783,test-w65-k45,0,0.3074712643678161,0.0,3.074712643678161
1000799,test-w65-k45,0,0.3074712643678161,0.0,3.074712643678161
1000821,test-w65-k45,0,0.3074712643678161,0.0,3.074712643678161
1000824,test-w65-k45,0,0.3074712643678161,0.0,3.074712643678161
1000827,test-w65-k45,0,0.3074712643678161,0.0,3.074712643678161
1000864,test-w65-k45,0,0.3074712643678161,0.0,3.074712643678161
1000871,test-w65-k45,0,0.3074712643678161,0.0,3.074712643678161
1000874,test-w65-k45,0,0.3074712643678161,0.0,3.074712643678161
1000879,test-w65-k45,0,0.3074712643678161,0.0,3.074712643678161
1000880,test-w65-k45,0,0.3074712643678161,0.0,3.074712643678161
1000974,test-w65-k45,0,0.3074712643678161,0.0,3.074712643678161
1001009,test-w65-k45,0,0.3074712643678161,0.0,3.074712643678161
1001015,test-w65-k45,0,0.3074712643678161,0.0,3.074712643678161
1001021,test-w65-k45,0,0.3074712643678161,0.0,3.074712643678161
1001022,test-w65-k45,0,0.3074712643678161,0.0,3.074712643678161
1001025,test-w65-k45,0,0.3074712643678161,0.0,3.074712643678161
1001114,test-w65-k45,0,0.3074712643678161,0.0,3.074712643678161
1001138,test-w65-k45,0,0.3074712643678161,0.0,3.074712643678161
1001143,test-w65-k45,0,0.3074712643678161,0.0,3.074712643678161
1001197,test-w65-k45,0,0.3074712643678161,0.0,3.074712643678161
1001276,test-w65-k45,0,0.3074712643678161,0.0,3.074712643678161
1001290,test-w65-k45,0,0.3074712643678161,0.0,3.074712643678161
1001305,test-w65-k45,0,0.3074712643678161,0.0,3.074712643678161
1001326,test-w65-k45,0,0.3074712643678161,0.0,3.074712643678161
1001363,test-w65-k45,0,0.3074712643678161,0.0,3.074712643678161
1001367,test-w65-k45,0,0.3074712643678161,0.0,3.074712643678161
1001370,test-w65-k45,0,0.3074712643678161,0.0,3.074712643678161
1001374,test-w65-k45,0,0.3074712643678161,0.0,3.074712643678161
1001383,test-w65-k45,0,0.3074712643678161,0.0,3.074712643678161
1001386,test-w65-k45,0,0.3074712643678161,0.0,3.074712643678161
1001461,test-w65-k45,0,0.3074712643678161,0.0,3.074712643678161
1001489,test-w65-k45,0,0.3074712643678161,0.0,3.074712643678161
1001492,test-w65-k45,0,0.3074712643678161,0.0,3.074712643678161
1001569,test-w65-k45,0,0.3074712643678161,0.0,3.074712643678161
1001588,test-w65-k45,0,0.3074712643678161,0.0,3.074712643678161
1001606,test-w65-k45,0,0.3074712643678161,0.0,3.074712643678161
1001690,test-w65-k45,0,0.3074712643678161,0.0,3.074712643678161
1001697,test-w65-k45,0,0.3074712643678161,0.0,3.074712643678161
1001721,test-w65-k45,0,0.3074712643678161,0.0,3.074712643678161
1001768,test-w65-k45,0,0.3074712643678161,0.0,3.074712643678161
1001798,test-w65-k45,0,0.3074712643678161,0.0,3.074712643678161
1001820,test-w65-k45,0,0.3074712643678161,0.0,3.074712643678161
1001823,test-w65-k45,0,0.3074712643678161,0.0,3.074712643678161
1001851,test-w65-k45,0,0.3074712643678161,0.0,3.074712643678161
1001854,test-w65-k45,0,0.3074712643678161,0.0,3.074712643678161
1001856,test-w65-k45,0,0.3074712643678161,0.0,3.074712643678161
1001864,test-w65-k45,0,0.3074712643678161,0.0,3.074712643678161
1001886,test-w65-k45,0,0.3074712643678161,0.0,3.074712643678161
1001888,test-w65-k45,0,0.3074712643678161,0.0,3.074712643678161
1001898,test-w65-k45,0,0.3074712643678161,0.0,3.074712643678161
1001904,test-w65-k45,0,0.3074712643678161,0.0,3.074712643678161
1001905,test-w65-k45,0,0.3074712643678161,0.0,3.074712643678161
1001906,test-w65-k45,0,0.3074712643678161,0.0,3.074712643678161
1001909,test-w65-k45,0,0.3074712643678161,0.0,3.074712643678161
1001914,test-w65-k45,0,0.3074712643678161,0.0,3.074712643678161
1001990,test-w65-k45,0,0.3074712643678161,0.0,3.074712643678161
1002002,test-w65-k45,0,0.3074712643678161,0.0,3.074712643678161
1002004,test-w65-k45,0,0.3074712643678161,0.0,3.074712643678161
1002019,test-w65-k45,0,0.3074712643678161,0.0,3.074712643678161
1002033,test-w65-k45,0,0.3074712643678161,0.0,3.074712643678161
1002035,test-w65-k45,0,0.3074712643678161,0.0,3.074712643678161
1002037,test-w65-k45,0,0.3074712643678161,0.0,3.074712643678161
1002059,test-w65-k45,0,0.3074712643678161,0.0,3.074712643678161
1002068,test-w65-k45,0,0.3074712643678161,0.0,3.074712643678161
1002070,test-w65-k45,0,0.3074712643678161,0.0,3.074712643678161
1002085,test-w65-k45,0,0.3074712643678161,0.0,3.074712643678161
1002091,test-w65-k45,0,0.3074712643678161,0.0,3.074712643678161
1002097,test-w65-k45,0,0.3074712643678161,0.0,3.074712643678161
1002100,test-w65-k45,0,0.3074712643678161,0.0,3.074712643678161
1002106,test-w65-k45,0,0.3074712643678161,0.0,3.074712643678161
1002112,test-w65-k45,0,0.3074712643678161,0.0,3.074712643678161
1002123,test-w65-k45,0,0.3074712643678161,0.0,3.074712643678161
1002126,test-w65-k45,0,0.3074712643678161,0.0,3.074712643678161
1002127,test-w65-k45,0,0.3074712643678161,0.0,3.074712643678161
1002137,test-w65-k45,0,0.3074712643678161,0.0,3.074712643678161
1002140,test-w65-k45,0,0.3074712643678161,0.0,3.074712643678161
1002148,test-w65-k45,0,0.3074712643678161,0.0,3.074712643678161
1002152,test-w65-k45,0,0.3074712643678161,0.0,3.074712643678161
1002159,test-w65-k45,0,0.3074712643678161,0.0,3.074712643678161
1002162,test-w65-k45,0,0.3074712643678161,0.0,3.074712643678161
1002163,test-w65-k45,0,0.3074712643678161,0.0,3.074712643678161
1002166,test-w65-k45,0,0.3074712643678161,0.0,3.074712643678161
1002182,test-w65-k45,0,0.3074712643678161,0.0,3.074712643678161
1002185,test-w65-k45,0,0.3074712643678161,0.0,3.074712643678161
1002186,test-w65-k45,0,0.3074712643678161,0.0,3.074712643678161
1002198,test-w65-k45,0,0.3074712643678161,0.0,3.074712643678161
1002213,test-w65-k45,0,0.3074712643678161,0.0,3.074712643678161
1002218,test-w65-k45,0,0.3074712643678161,0.0,3.074712643678161
1002219,test-w65-k45,0,0.3074712643678161,0.0,3.074712643678161
1002254,test-w65-k45,0,0.3074712643678161,0.0,3.074712643678161
1002257,test-w65-k45,0,0.3074712643678161,0.0,3.074712643678161
1002282,test-w65-k45,0,0.3074712643678161,0.0,3.074712643678161
1002288,test-w65-k45,0,0.3074712643678161,0.0,3.074712643678161
1002290,test-w65-k45,0,0.3074712643678161,0.0,3.074712643678161
1002309,test-w65-k45,0,0.3074712643678161,0.0,3.074712643678161
1002323,test-w65-k45,0,0.3074712643678161,0.0,3.074712643678161
1002355,test-w65-k45,0,0.3074712643678161,0.0,3.074712643678161
1002357,test-w65-k45,0,0.3074712643678161,0.0,3.074712643678161
1002371,test-w65-k45,0,0.3074712643678161,0.0,3.074712643678161
1002385,test-w65-k45,0,0.3074712643678161,0.0,3.074712643678161
1002387,test-w65-k45,0,0.3074712643678161,0.0,3.074712643678161
1002392,test-w65-k45,0,0.3074712643678161,0.0,3.074712643678161
1002396,test-w65-k45,0,0.3074712643678161,0.0,3.074712643678161
1002439,test-w65-k45,0,0.3074712643678161,0.0,3.074712643678161
1002449,test-w65-k45,0,0.3074712643678161,0.0,3.074712643678161
1000013,test-w70-k20-d10,0,0.27873563218390807,0.0,2.7873563218390807
1000018,test-w70-k20-d10,0,0.27873563218390807,0.0,2.7873563218390807
1000074,test-w70-k20-d10,0,0.27873563218390807,0.125,3.4123563218390807
1000849,test-w70-k20-d10,0,0.27873563218390807,0.0,2.7873563218390807
1000855,test-w70-k20-d10,0,0.27873563218390807,0.0,2.7873563218390807
1000866,test-w70-k20-d10,0,0.27873563218390807,0.0,2.7873563218390807
1000868,test-w70-k20-d10,0,0.27873563218390807,0.0,2.7873563218390807
1000877,test-w70-k20-d10,0,0.27873563218390807,0.0,2.7873563218390807
1000988,test-w70-k20-d10,0,0.27873563218390807,0.0,2.7873563218390807
1001021,test-w70-k20-d10,0,0.27873563218390807,0.0,2.7873563218390807
1001202,test-w70-k20-d10,0,0.27873563218390807,0.0,2.7873563218390807
1001226,test-w70-k20-d10,0,0.27873563218390807,0.0,2.7873563218390807
1001256,test-w70-k20-d10,0,0.27873563218390807,0.0,2.7873563218390807
1001306,test-w70-k20-d10,0,0.27873563218390807,0.0,2.7873563218390807
1001315,test-w70-k20-d10,0,0.27873563218390807,0.0,2.7873563218390807
1001320,test-w70-k20-d10,0,0.27873563218390807,0.0,2.7873563218390807
1001345,test-w70-k20-d10,0,0.27873563218390807,0.0,2.7873563218390807
1001349,test-w70-k20-d10,0,0.27873563218390807,0.0,2.7873563218390807
1001356,test-w70-k20-d10,0,0.27873563218390807,0.0,2.7873563218390807
1001363,test-w70-k20-d10,0,0.27873563218390807,0.0,2.7873563218390807
1001372,test-w70-k20-d10,0,0.27873563218390807,0.0,2.7873563218390807
1001376,test-w70-k20-d10,0,0.27873563218390807,0.0,2.7873563218390807
1001378,test-w70-k20-d10,0,0.27873563218390807,0.0,2.7873563218390807
1001380,test-w70-k20-d10,0,0.27873563218390807,0.0,2.7873563218390807
1001385,test-w70-k20-d10,0,0.27873563218390807,0.0,2.7873563218390807
1001488,test-w70-k20-d10,0,0.27873563218390807,0.0,2.7873563218390807
1001491,test-w70-k20-d10,0,0.27873563218390807,0.0,2.7873563218390807
1001586,test-w70-k20-d10,0,0.27873563218390807,0.0,2.7873563218390807
1001591,test-w70-k20-d10,0,0.27873563218390807,0.0,2.7873563218390807
1001592,test-w70-k20-d10,0,0.27873563218390807,0.0,2.7873563218390807
1001604,test-w70-k20-d10,0,0.27873563218390807,0.0,2.7873563218390807
1001605,test-w70-k20-d10,0,0.27873563218390807,0.0,2.7873563218390807
1001607,test-w70-k20-d10,0,0.27873563218390807,0.0,2.7873563218390807
1001686,test-w70-k20-d10,0,0.27873563218390807,0.0,2.7873563218390807
1001777,test-w70-k20-d10,0,0.27873563218390807,0.0,2.7873563218390807
1001801,test-w70-k20-d10,0,0.27873563218390807,0.0,2.7873563218390807
1001831,test-w70-k20-d10,0,0.27873563218390807,0.0,2.7873563218390807
1001875,test-w70-k20-d10,0,0.27873563218390807,0.0,2.7873563218390807
1001891,test-w70-k20-d10,0,0.27873563218390807,0.0,2.7873563218390807
1001907,test-w70-k20-d10,0,0.27873563218390807,0.0,2.7873563218390807
1001910,test-w70-k20-d10,0,0.27873563218390807,0.0,2.7873563218390807
1001911,test-w70-k20-d10,0,0.27873563218390807,0.0,2.7873563218390807
1001915,test-w70-k20-d10,0,0.27873563218390807,0.0,2.7873563218390807
1002016,test-w70-k20-d10,0,0.27873563218390807,0.0,2.7873563218390807
1002028,test-w70-k20-d10,0,0.27873563218390807,0.0,2.7873563218390807
1002041,test-w70-k20-d10,0,0.27873563218390807,0.0,2.7873563218390807
1002056,test-w70-k20-d10,0,0.27873563218390807,0.0,2.7873563218390807
1002064,test-w70-k20-d10,0,0.27873563218390807,0.0,2.7873563218390807
1002074,test-w70-k20-d10,0,0.27873563218390807,0.0,2.7873563218390807
1002090,test-w70-k20-d10,0,0.27873563218390807,0.0,2.7873563218390807
1002094,test-w70-k20-d10,0,0.27873563218390807,0.125,3.4123563218390807
1002095,test-w70-k20-d10,0,0.27873563218390807,0.0,2.7873563218390807
1002107,test-w70-k20-d10,0,0.27873563218390807,0.0,2.7873563218390807
1002109,test-w70-k20-d10,0,0.27873563218390807,0.0,2.7873563218390807
1002115,test-w70-k20-d10,0,0.27873563218390807,0.0,2.7873563218390807
1002123,test-w70-k20-d10,0,0.27873563218390807,0.0,2.7873563218390807
1002126,test-w70-k20-d10,0,0.27873563218390807,0.0,2.7873563218390807
1002131,test-w70-k20-d10,0,0.27873563218390807,0.0,2.7873563218390807
1002142,test-w70-k20-d10,0,0.27873563218390807,0.0,2.7873563218390807
1002144,test-w70-k20-d10,0,0.27873563218390807,0.0,2.7873563218390807
1002148,test-w70-k20-d10,0,0.27873563218390807,0.0,2.7873563218390807
1002150,test-w70-k20-d10,0,0.27873563218390807,0.0,2.7873563218390807
1002151,test-w70-k20-d10,0,0.27873563218390807,0.0,2.7873563218390807
1002163,test-w70-k20-d10,0,0.27873563218390807,0.0,2.7873563218390807
1002170,test-w70-k20-d10,0,0.27873563218390807,0.0,2.7873563218390807
1002175,test-w70-k20-d10,0,0.27873563218390807,0.0,2.7873563218390807
1002177,test-w70-k20-d10,0,0.27873563218390807,0.0,2.7873563218390807
1002179,test-w70-k20-d10,0,0.27873563218390807,0.0,2.7873563218390807
1002182,test-w70-k20-d10,0,0.27873563218390807,0.0,2.7873563218390807
1002186,test-w70-k20-d10,0,0.27873563218390807,0.0,2.7873563218390807
1002189,test-w70-k20-d10,0,0.27873563218390807,0.0,2.7873563218390807
1002190,test-w70-k20-d10,0,0.27873563218390807,0.0,2.7873563218390807
1002195,test-w70-k20-d10,0,0.27873563218390807,0.0,2.7873563218390807
1002201,test-w70-k20-d10,0,0.27873563218390807,0.0,2.7873563218390807
1002206,test-w70-k20-d10,0,0.27873563218390807,0.0,2.7873563218390807
1002215,test-w70-k20-d10,0,0.27873563218390807,0.0,2.7873563218390807
1002222,test-w70-k20-d10,0,0.27873563218390807,0.0,2.7873563218390807
1002243,test-w70-k20-d10,0,0.27873563218390807,0.0,2.7873563218390807
1002245,test-w70-k20-d10,0,0.27873563218390807,0.0,2.7873563218390807
1002257,test-w70-k20-d10,0,0.27873563218390807,0.0,2.7873563218390807
1002270,test-w70-k20-d10,0,0.27873563218390807,0.0,2.7873563218390807
1002284,test-w70-k20-d10,0,0.27873563218390807,0.0,2.7873563218390807
1002319,test-w70-k20-d10,0,0.27873563218390807,0.0,2.7873563218390807
1002321,test-w70-k20-d10,0,0.27873563218390807,0.0,2.7873563218390807
1002330,test-w70-k20-d10,0,0.27873563218390807,0.0,2.7873563218390807
1002332,test-w70-k20-d10,0,0.27873563218390807,0.0,2.7873563218390807
1002333,test-w70-k20-d10,0,0.27873563218390807,0.0,2.7873563218390807
1002344,test-w70-k20-d10,0,0.27873563218390807,0.0,2.7873563218390807
1002354,test-w70-k20-d10,0,0.27873563218390807,0.0,2.7873563218390807
1002368,test-w70-k20-d10,0,0.27873563218390807,0.0,2.7873563218390807
1002369,test-w70-k20-d10,0,0.27873563218390807,0.0,2.7873563218390807
1002370,test-w70-k20-d10,0,0.27873563218390807,0.0,2.7873563218390807
1002371,test-w70-k20-d10,0,0.27873563218390807,0.0,2.7873563218390807
1002389,test-w70-k20-d10,0,0.27873563218390807,0.0,2.7873563218390807
1002401,test-w70-k20-d10,0,0.27873563218390807,0.0,2.7873563218390807
1002446,test-w70-k20-d10,0,0.27873563218390807,0.0,2.7873563218390807
1002455,test-w70-k20-d10,0,0.27873563218390807,0.0,2.7873563218390807
1002458,test-w70-k20-d10,0,0.27873563218390807,0.0,2.7873563218390807
1002465,test-w70-k20-d10,0,0.27873563218390807,0.0,2.7873563218390807
1000002,yorizori2018,0,0.038314176245210725,0.25,1.6331417624521072
1000004,yorizori2018,0,0.038314176245210725,0.375,2.2581417624521074
1000030,yorizori2018,0,0.038314176245210725,0.125,1.0081417624521072
1000052,yorizori2018,0,0.038314176245210725,0.0,0.38314176245210724
1000078,yorizori2018,0,0.038314176245210725,0.125,1.0081417624521072
1002068,yorizori2018,0,0.038314176245210725,0.0,0.38314176245210724
1002103,yorizori2018,0,0.038314176245210725,0.125,1.0081417624521072
1002169,yorizori2018,0,0.038314176245210725,0.0,0.38314176245210724
1002476,yorizori2018,0,0.038314176245210725,1.0,5.383141762452107
1002477,yorizori2018,0,0.038314176245210725,0.0,0.38314176245210724
